{
  "SchemaID": "AlternativeExplanationGeneration",
  "Description": "Assesses the ability to generate distinct, plausible alternative explanations for an association.",
  "Engine": { "driverId": "aeq.aeg.v1", "version": "1.1.0" },
  "GuidanceVersion": "1.0.0",
  "Ability": { "key": "causal.aeg" },

  "ProbePolicy": {
    "AllowAJGeneratedFor": ["RunsThroughA"],
    "MaxGeneratedChars": 140,
    "DisallowHintPatterns": ["\\bbecause\\b", "\\bfor example\\b", "\\btry mentioning\\b"]
  },

  "PolicyDefaults": {
    "TimeBudgetSec": 120,
    "MaxConsecutiveFailedAttempts": 2
  },

  "DriverConfig": {
    "AJ_System_Guidance": { /* paste your full AJ_System_Guidance block verbatim from your schema */ },
    "DominanceOrder": [
      "MultipleExplanation","RunsThroughA","NotRelevant","NotDistinct","NotClear","NotSpecific","NotPlausible"
    ],
    "ProbeLibrary": {
      "MultipleExplanation": [
        { "id": "single_1","text":"One explanation at a time, please—could you resend just one?" },
        { "id": "single_2","text":"Please share only one explanation for now; then we can ask for another." }
      ],
      "Good": [
        { "id":"good_1","text":"Thanks. Please give a different explanation now." },
        { "id":"good_2","text":"Great—try a different kind of reason next." },
        { "id":"good_3","text":"Thank you. Can you think of another distinct explanation?" }
      ],
      "NotDistinct": [
        { "id":"redux_1","text":"That’s too similar to an earlier reason. Try a different kind of explanation." },
        { "id":"redux_2","text":"This overlaps with a prior answer; please give a different mechanism." }
      ],
      "NotSpecific": [
        { "id":"specific_1","text":"Could you name the specific mechanism you mean (a few words)?" },
        { "id":"specific_2","text":"That’s broad—please give a concrete factor or example." }
      ],
      "NotClear": [
        { "id":"clear_1","text":"I didn’t follow—could you rephrase?" },
        { "id":"clear_2","text":"Can you explain how that would work?" }
      ],
      "NotPlausible": [
        { "id":"plaus_1","text":"Let’s try another angle—give a different explanation for the link." },
        { "id":"plaus_2","text":"Please offer a different kind of explanation." }
      ],
      "NotRelevant": [
        { "id":"relevance_1","text":"Please focus on explaining the link in the question." }
      ]
    },
    "ConfidencePolicy": {
      "GoodAcceptanceMinConfidence": 0.6,
      "NovelAcceptanceMinConfidence": 0.75
    },
    "MaxClarificationAttempts": 1
  },

  "ScoringSpec": {
    "type": "polytomous_map",
    "maps": {
      "Map_2Expl": [
        { "score": 0, "criteria": "0 Good" },
        { "score": 1, "criteria": "1 Good" },
        { "score": 2, "criteria": "2 Good" }
      ],
      "Map_3Expl": [
        { "score": 0, "criteria": "0" },
        { "score": 1, "criteria": "1" },
        { "score": 2, "criteria": "2" },
        { "score": 3, "criteria": "3" }
      ]
    },
    "default": { "TargetDistinctExplanations": 2, "ScoringMapID": "Map_2Expl" },
    "theta": { "step": 0.25, "varDecay": 0.9, "minVar": 0.5 }
  },

  "AJ_Contract_JsonSchema": {
    "type": "object",
    "properties": {
      "AnswerType": {
        "type": "string",
        "enum": ["Good","NotDistinct","NotSpecific","NotClear","NotRelevant","NotPlausible","RunsThroughA","MultipleExplanation"]
      },
      "ThemeTag": { "type": ["string","null"] },
      "Confidence": { "type": "number", "minimum": 0, "maximum": 1 },
      "RecommendedProbeID": { "type": ["string","null"] },
      "GeneratedProbeText": { "type": ["string","null"] }
    },
    "required": ["AnswerType","Confidence"],
    "additionalProperties": false
  }
}
