{
  "Completion": [
    "Good start—please add one more different reason (a few words).",
    "Thanks—give one more distinct reason (a few words)."
  ],
  "Clarify": [
    "Please make that more concrete (a few words).",
    "Could you be more specific (a few words)?"
  ],
  "Improvement": [
    "Could you refine that answer a little?",
    "Please try to improve that answer."
  ],
  "Alternative": [
    "Give one fundamentally different explanation (a few words).",
    "Name a second, different way the link could arise (few words)."
  ],
  "None": [""]
}
